"years","dev"
"2014",0.0305147058823529
"2015",0.107720588235294
"2016",0.00477941176470588
"2017",-0.00367647058823529
"2018",-0.113602941176471
