"year","auto","beauty","health","home","restaurants","shopping"
2014,0.0305147058823529,0.0830842797369994,0.0962539021852237,0.114316239316239,0.0647288293575448,0.0699392979678015
2015,0.107720588235294,0.0836820083682008,0.0936524453694069,0.0795940170940171,0.0782959919908862,0.0401161256268145
2016,0.00477941176470588,0.0346682606096832,0.102497398543184,0.0924145299145299,0.0533365553906169,0.0833993138031143
2017,-0.00367647058823529,0.0277943813508667,0.0353798126951093,0.0678418803418803,0.0435322953705941,0.0187384534177883
2018,-0.113602941176471,-0.147340107591154,-0.129552549427679,-0.121794871794872,-0.0786412124141264,-0.144101346001584
