"year","auto","beauty","health","home","restaurants","shopping"
2013,0.107061790668348,0.0858685307341407,0.11503063270969,0.142863924426194,0.0774290732323398,0.0930908984609088
2014,0.0726607818411097,0.115404811131896,0.116541663232506,0.111271984999169,0.0690125836222151,0.073008170483944
2015,0.0706431273644388,0.0804371369498868,0.082255007005687,0.110559920248748,0.0716322530143465,0.0662116140725258
2016,0.0303152585119798,0.0542975287978734,0.0721448391439325,0.0631838788540505,0.0652730178986074,0.044404168554599
2017,0.0170239596469105,0.0406944307702406,0.0343690760735185,0.035460824570981,0.0353597810857568,0.0267623543856059
