"state","state_dev","state_rating","state_num_reviews"
"IL",0.165358556149733,3.61844919786096,3740
"NC",0.167702746139916,3.63848500974287,35136
"NY",0.0607477578475337,2.72433981066268,108
"OH",0.181298958537943,3.75469195331575,28658
"PA",0.17999584538308,3.74355423404342,24551
